<?xml version="1.0" encoding="utf-8"?>
<ProcessingElement>
  <Type>9190FE93-1990-E036-CC1D-11 155A028C2</Type>
  <Name>New FlexLogger IO Plugin 0</Name>
  <TemplateType>Plugin</TemplateType>
  <DevelopmentKitVersion>1.3</DevelopmentKitVersion>
  <Version>0.1</Version>
  <OldestCompatibleVersion>0.1</OldestCompatibleVersion>
  <AliasBase>NewFlexLoggerIOPlugin0</AliasBase>
  <Icon>mixed</Icon>
  <Description>This template type provides a starting point for plugins that consumes and produces data for FlexLogger. For example, this type performs a custom calculation on several other channels in the system and produces a result which can be logged alongside other FlexLogger channels.</Description>
  <VIExec>niPluginWrapper</VIExec>  
</ProcessingElement>