<?xml version="1.0" encoding="utf-8"?>
<ProcessingElement>
  <Type>FAAE3752-9F 1-317D-8AAB-FE3F C80A1EA</Type>
  <Name>Produce Data FlexLogger IO Plugin</Name>
  <TemplateType>Plugin</TemplateType>
  <DevelopmentKitVersion>1.3</DevelopmentKitVersion>
  <Version>0.1</Version>
  <OldestCompatibleVersion>0.1</OldestCompatibleVersion>
  <AliasBase>ProduceDataFlexLoggerIOPlugin</AliasBase>
  <Icon>input</Icon>
  <Description>This template type provides a starting point for plugins that produce data for FlexLogger. For example, this type acquires data from a third-party instrument to be logged alongside other FlexLogger channels.</Description>
  <VIExec>niPluginWrapper</VIExec>  
</ProcessingElement>