<?xml version="1.0" encoding="utf-8"?>
<ProcessingElement>
  <Type>3F4CA9CD-3C8E-FB98-3847-BE879116305F</Type>
  <Name>AutomotiveDataSimulator</Name>
  <TemplateType>Plugin</TemplateType>
  <DevelopmentKitVersion>1.3</DevelopmentKitVersion>
  <Version>0.1</Version>
  <OldestCompatibleVersion>0.1</OldestCompatibleVersion>
  <AliasBase>AutomotiveDataSimulator</AliasBase>
  <Icon>mixed</Icon>
  <Description>This template type provides a starting point for plugins that consumes and produces data for FlexLogger. For example, this type performs a custom calculation on several other channels in the system and produces a result which can be logged alongside other FlexLogger channels.</Description>
  <VIExec>niPluginWrapper</VIExec>  
</ProcessingElement>